name,skip_rate
001_claude-v1_eye_tracking1_clustered,0.32727272727272727
001_vicuna-13b-v1.2_eye_tracking2_clustered,0.43529411764705883
002_gpt-3.5-turbo_eye_tracking1_clustered,0.4945054945054945
002_vicuna-13b-v1.2_eye_tracking2_clustered,0.42857142857142855
003_claude-v1_eye_tracking1_clustered,0.2727272727272727
003_gpt-3.5-turbo_eye_tracking2_clustered,0.5662650602409639
004_gpt-3.5-turbo_eye_tracking2_clustered,0.46987951807228917
004_vicuna-13b-v1.2_eye_tracking1_clustered,0.5555555555555556
005_alpaca-13b_eye_tracking2_clustered,0.5487804878048781
005_gpt-3.5-turbo_eye_tracking1_clustered,0.4578313253012048
006_claude-v1_eye_tracking1_clustered,0.3898305084745763
006_gpt-4_eye_tracking2_clustered,0.4461538461538462
007_claude-v1_eye_tracking2_clustered,0.3333333333333333
007_gpt-3.5-turbo_eye_tracking1_clustered,0.5060240963855421
008_claude-v1_eye_tracking2_clustered,0.42028985507246375
008_gpt-3.5-turbo_eye_tracking1_clustered,0.46987951807228917
009_claude-v1_eye_tracking1_clustered,0.37681159420289856
009_vicuna-13b-v1.2_eye_tracking2_clustered,0.4861111111111111
010_alpaca-13b_eye_tracking1_clustered,0.5
010_gpt-3.5-turbo_eye_tracking2_clustered,0.37333333333333335
011_alpaca-13b_eye_tracking1_clustered,0.5
011_claude-v1_eye_tracking2_clustered,0.3559322033898305
013_alpaca-13b_eye_tracking1_clustered,0.3877551020408163
013_llama-13b_eye_tracking2_clustered,0.44680851063829785
014_alpaca-13b_eye_tracking1_clustered,0.4268292682926829
014_claude-v1_eye_tracking2_clustered,0.5454545454545454
016_claude-v1_eye_tracking2_clustered,0.6842105263157895
016_vicuna-13b-v1.2_eye_tracking1_clustered,0.425
017_alpaca-13b_eye_tracking1_clustered,0.5454545454545454
017_llama-13b_eye_tracking2_clustered,0.7941176470588235
018_claude-v1_eye_tracking1_clustered,0.7052631578947368
018_gpt-3.5-turbo_eye_tracking2_clustered,0.5
019_alpaca-13b_eye_tracking1_clustered,0.6493506493506493
019_llama-13b_eye_tracking2_clustered,0.7450980392156863
020_alpaca-13b_eye_tracking1_clustered,0.676923076923077
020_gpt-3.5-turbo_eye_tracking2_clustered,0.7710843373493976
021_alpaca-13b_eye_tracking1_clustered,0.5967741935483871
021_llama-13b_eye_tracking2_clustered,0.6363636363636364
022_alpaca-13b_eye_tracking1_clustered,0.7
022_gpt-3.5-turbo_eye_tracking2_clustered,0.6266666666666667
023_claude-v1_eye_tracking1_clustered,0.6
023_gpt-3.5-turbo_eye_tracking2_clustered,0.7228915662650602
024_alpaca-13b_eye_tracking1_clustered,0.6829268292682927
024_claude-v1_eye_tracking2_clustered,0.7818181818181819
025_claude-v1_eye_tracking1_clustered,0.6266666666666667
025_llama-13b_eye_tracking2_clustered,0.6764705882352942
026_gpt-3.5-turbo_eye_tracking1_clustered,0.7590361445783133
026_gpt-4_eye_tracking2_clustered,0.5230769230769231
027_claude-v1_eye_tracking1_clustered,0.6376811594202898
027_gpt-3.5-turbo_eye_tracking2_clustered,0.7951807228915663
028_claude-v1_eye_tracking2_clustered,0.5797101449275363
028_vicuna-13b-v1.2_eye_tracking1_clustered,0.6388888888888888
029_gpt-3.5-turbo_eye_tracking2_clustered,0.6626506024096386
029_vicuna-13b-v1.2_eye_tracking1_clustered,0.7764705882352941
030_alpaca-13b_eye_tracking2_clustered,0.8
030_claude-v1_eye_tracking1_clustered,0.8266666666666667
032_alpaca-13b_eye_tracking2_clustered,0.35714285714285715
032_gpt-3.5-turbo_eye_tracking1_clustered,0.25
034_gpt-4_eye_tracking2_clustered,0.3684210526315789
034_vicuna-13b-v1.2_eye_tracking1_clustered,0.38461538461538464
035_gpt-3.5-turbo_eye_tracking1_clustered,0.21333333333333335
035_llama-13b_eye_tracking2_clustered,0.4117647058823529
036_alpaca-13b_eye_tracking2_clustered,0.325
036_gpt-3.5-turbo_eye_tracking1_clustered,0.7066666666666667
037_claude-v1_eye_tracking2_clustered,0.2711864406779661
037_gpt-3.5-turbo_eye_tracking1_clustered,0.3333333333333333
038_gpt-3.5-turbo_eye_tracking1_clustered,0.2
038_gpt-4_eye_tracking2_clustered,0.5128205128205128
039_alpaca-13b_eye_tracking1_clustered,0.3181818181818182
039_llama-13b_eye_tracking2_clustered,0.53125
040_claude-v1_eye_tracking1_clustered,0.5818181818181818
040_gpt-3.5-turbo_eye_tracking2_clustered,0.5060240963855421
041_alpaca-13b_eye_tracking2_clustered,0.35714285714285715
041_gpt-3.5-turbo_eye_tracking1_clustered,0.3055555555555556
042_alpaca-13b_eye_tracking2_clustered,0.725
042_gpt-3.5-turbo_eye_tracking1_clustered,0.38666666666666666
043_alpaca-13b_eye_tracking1_clustered,0.12903225806451613
043_llama-13b_eye_tracking2_clustered,0.4909090909090909
044_claude-v1_eye_tracking1_clustered,0.38666666666666666
044_llama-13b_eye_tracking2_clustered,0.38235294117647056
045_claude-v1_eye_tracking1_clustered,0.3368421052631579
045_vicuna-13b-v1.2_eye_tracking2_clustered,0.35
046_gpt-3.5-turbo_eye_tracking1_clustered,0.42168674698795183
046_vicuna-13b-v1.2_eye_tracking2_clustered,0.5
047_claude-v1_eye_tracking2_clustered,0.5454545454545454
047_gpt-4_eye_tracking1_clustered,0.47692307692307695
048_claude-v1_eye_tracking2_clustered,0.423728813559322
048_gpt-3.5-turbo_eye_tracking1_clustered,0.3888888888888889
049_gpt-3.5-turbo_eye_tracking1_clustered,0.5662650602409639
049_vicuna-13b-v1.2_eye_tracking2_clustered,0.5555555555555556
050_alpaca-13b_eye_tracking1_clustered,0.3076923076923077
050_vicuna-13b-v1.2_eye_tracking2_clustered,0.4444444444444444
051_claude-v1_eye_tracking2_clustered,0.4727272727272727
051_gpt-3.5-turbo_eye_tracking1_clustered,0.4819277108433735
052_alpaca-13b_eye_tracking2_clustered,0.4032258064516129
052_llama-13b_eye_tracking1_clustered,0.45454545454545453
053_gpt-3.5-turbo_eye_tracking1_clustered,0.475
053_gpt-4_eye_tracking2_clustered,0.5897435897435898
054_alpaca-13b_eye_tracking1_clustered,0.38961038961038963
054_llama-13b_eye_tracking2_clustered,0.5686274509803921
055_claude-v1_eye_tracking1_clustered,0.45454545454545453
055_gpt-4_eye_tracking2_clustered,0.6307692307692307
056_claude-v1_eye_tracking2_clustered,0.391304347826087
056_vicuna-13b-v1.2_eye_tracking1_clustered,0.4305555555555556
057_alpaca-13b_eye_tracking1_clustered,0.43902439024390244
057_claude-v1_eye_tracking2_clustered,0.5636363636363636
058_gpt-4_eye_tracking1_clustered,0.4473684210526316
058_vicuna-13b-v1.2_eye_tracking2_clustered,0.47435897435897434
059_gpt-3.5-turbo_eye_tracking1_clustered,0.5192307692307693
059_vicuna-13b-v1.2_eye_tracking2_clustered,0.4426229508196721
060_claude-v1_eye_tracking1_clustered,0.4782608695652174
060_gpt-3.5-turbo_eye_tracking2_clustered,0.5783132530120482
061_alpaca-13b_eye_tracking1_clustered,0.4
061_gpt-3.5-turbo_eye_tracking2_clustered,0.46987951807228917
062_claude-v1_eye_tracking1_clustered,0.5684210526315789
062_gpt-4_eye_tracking2_clustered,0.46153846153846156
063_gpt-3.5-turbo_eye_tracking1_clustered,0.525
063_vicuna-13b-v1.2_eye_tracking2_clustered,0.5
064_claude-v1_eye_tracking1_clustered,0.3898305084745763
064_gpt-4_eye_tracking2_clustered,0.47692307692307695
065_claude-v1_eye_tracking1_clustered,0.5157894736842106
065_gpt-3.5-turbo_eye_tracking2_clustered,0.625
066_claude-v1_eye_tracking2_clustered,0.5362318840579711
066_vicuna-13b-v1.2_eye_tracking1_clustered,0.5694444444444444
067_alpaca-13b_eye_tracking2_clustered,0.38961038961038963
067_llama-13b_eye_tracking1_clustered,0.5294117647058824
068_gpt-3.5-turbo_eye_tracking1_clustered,0.5662650602409639
068_vicuna-13b-v1.2_eye_tracking2_clustered,0.5647058823529412
069_alpaca-13b_eye_tracking2_clustered,0.5384615384615384
069_vicuna-13b-v1.2_eye_tracking1_clustered,0.6388888888888888
070_alpaca-13b_eye_tracking2_clustered,0.5121951219512195
070_claude-v1_eye_tracking1_clustered,0.6181818181818182
071_alpaca-13b_eye_tracking2_clustered,0.5714285714285714
071_gpt-3.5-turbo_eye_tracking1_clustered,0.4861111111111111
072_gpt-3.5-turbo_eye_tracking2_clustered,0.5192307692307693
072_vicuna-13b-v1.2_eye_tracking1_clustered,0.47540983606557374
073_claude-v1_eye_tracking2_clustered,0.7090909090909091
073_vicuna-13b-v1.2_eye_tracking1_clustered,0.6235294117647059
074_claude-v1_eye_tracking2_clustered,0.6736842105263158
074_gpt-4_eye_tracking1_clustered,0.5384615384615384
075_gpt-3.5-turbo_eye_tracking1_clustered,0.6
075_gpt-4_eye_tracking2_clustered,0.5641025641025641
076_gpt-3.5-turbo_eye_tracking1_clustered,0.325
076_vicuna-13b-v1.2_eye_tracking2_clustered,0.3
077_claude-v1_eye_tracking1_clustered,0.29333333333333333
077_llama-13b_eye_tracking2_clustered,0.3235294117647059
078_alpaca-13b_eye_tracking2_clustered,0.3048780487804878
078_gpt-3.5-turbo_eye_tracking1_clustered,0.43373493975903615
079_claude-v1_eye_tracking2_clustered,0.3368421052631579
079_gpt-4_eye_tracking1_clustered,0.46153846153846156
080_gpt-3.5-turbo_eye_tracking1_clustered,0.425
080_gpt-4_eye_tracking2_clustered,0.38461538461538464
081_claude-v1_eye_tracking1_clustered,0.3220338983050847
081_gpt-4_eye_tracking2_clustered,0.24615384615384617
082_claude-v1_eye_tracking2_clustered,0.4842105263157895
082_gpt-3.5-turbo_eye_tracking1_clustered,0.775
083_claude-v1_eye_tracking2_clustered,0.5052631578947369
083_gpt-3.5-turbo_eye_tracking1_clustered,0.625
084_alpaca-13b_eye_tracking1_clustered,0.45588235294117646
084_gpt-3.5-turbo_eye_tracking2_clustered,0.5185185185185185
085_gpt-3.5-turbo_eye_tracking2_clustered,0.43373493975903615
085_vicuna-13b-v1.2_eye_tracking1_clustered,0.5138888888888888
086_claude-v1_eye_tracking2_clustered,0.2463768115942029
086_gpt-3.5-turbo_eye_tracking1_clustered,0.5180722891566265
087_claude-v1_eye_tracking1_clustered,0.8631578947368421
087_gpt-3.5-turbo_eye_tracking2_clustered,0.475
088_claude-v1_eye_tracking1_clustered,0.28
088_gpt-3.5-turbo_eye_tracking2_clustered,0.29333333333333333
090_claude-v1_eye_tracking2_clustered,0.5636363636363636
090_vicuna-13b-v1.2_eye_tracking1_clustered,0.38823529411764707
091_alpaca-13b_eye_tracking2_clustered,0.27692307692307694
091_vicuna-13b-v1.2_eye_tracking1_clustered,0.4305555555555556
092_claude-v1_eye_tracking2_clustered,0.3389830508474576
092_gpt-4_eye_tracking1_clustered,0.4461538461538462
093_claude-v1_eye_tracking1_clustered,0.3220338983050847
093_gpt-4_eye_tracking2_clustered,0.4153846153846154
094_claude-v1_eye_tracking2_clustered,0.4057971014492754
094_gpt-3.5-turbo_eye_tracking1_clustered,0.5301204819277109
095_gpt-3.5-turbo_eye_tracking2_clustered,0.475
095_vicuna-13b-v1.2_eye_tracking1_clustered,0.275
096_alpaca-13b_eye_tracking2_clustered,0.4634146341463415
096_gpt-4_eye_tracking1_clustered,0.36923076923076925
097_gpt-3.5-turbo_eye_tracking2_clustered,0.3191489361702128
097_llama-13b_eye_tracking1_clustered,0.35294117647058826
098_gpt-3.5-turbo_eye_tracking1_clustered,0.35
098_vicuna-13b-v1.2_eye_tracking2_clustered,0.5
099_claude-v1_eye_tracking2_clustered,0.463768115942029
099_vicuna-13b-v1.2_eye_tracking1_clustered,0.5555555555555556
100_claude-v1_eye_tracking2_clustered,0.4057971014492754
100_gpt-3.5-turbo_eye_tracking1_clustered,0.4819277108433735
101_alpaca-13b_eye_tracking1_clustered,0.36363636363636365
101_llama-13b_eye_tracking2_clustered,0.5729166666666666
102_claude-v1_eye_tracking2_clustered,0.4666666666666667
102_llama-13b_eye_tracking1_clustered,0.5588235294117647
103_alpaca-13b_eye_tracking1_clustered,0.4146341463414634
103_gpt-3.5-turbo_eye_tracking2_clustered,0.4819277108433735
104_claude-v1_eye_tracking2_clustered,0.4057971014492754
104_vicuna-13b-v1.2_eye_tracking1_clustered,0.5138888888888888
105_gpt-3.5-turbo_eye_tracking1_clustered,0.5054945054945055
105_vicuna-13b-v1.2_eye_tracking2_clustered,0.45714285714285713
110_gpt-3.5-turbo_eye_tracking1_clustered,0.37349397590361444
110_gpt-4_eye_tracking2_clustered,0.16923076923076924
115_gpt-3.5-turbo_eye_tracking2_clustered,0.10666666666666667
115_llama-13b_eye_tracking1_clustered,0.20588235294117646
117_gpt-3.5-turbo_eye_tracking1_clustered,0.38461538461538464
117_vicuna-13b-v1.2_eye_tracking2_clustered,0.17142857142857143
118_gpt-3.5-turbo_eye_tracking1_clustered,0.3493975903614458
118_vicuna-13b-v1.2_eye_tracking2_clustered,0.18823529411764706
120_alpaca-13b_eye_tracking1_clustered,0.21951219512195122
120_claude-v1_eye_tracking2_clustered,0.3090909090909091
121_gpt-3.5-turbo_eye_tracking1_clustered,0.46987951807228917
121_gpt-4_eye_tracking2_clustered,0.47692307692307695
122_claude-v1_eye_tracking2_clustered,0.3389830508474576
122_gpt-4_eye_tracking1_clustered,0.27692307692307694
123_gpt-4_eye_tracking2_clustered,0.5263157894736842
123_vicuna-13b-v1.2_eye_tracking1_clustered,0.32051282051282054
124_alpaca-13b_eye_tracking2_clustered,0.30952380952380953
124_claude-v1_eye_tracking1_clustered,0.2542372881355932
125_gpt-3.5-turbo_eye_tracking1_clustered,0.4457831325301205
125_vicuna-13b-v1.2_eye_tracking2_clustered,0.5416666666666666
126_gpt-3.5-turbo_eye_tracking1_clustered,0.5180722891566265
126_gpt-4_eye_tracking2_clustered,0.4
127_gpt-3.5-turbo_eye_tracking2_clustered,0.5783132530120482
127_vicuna-13b-v1.2_eye_tracking1_clustered,0.5
128_alpaca-13b_eye_tracking1_clustered,0.55
128_gpt-3.5-turbo_eye_tracking2_clustered,0.5066666666666667
129_gpt-3.5-turbo_eye_tracking1_clustered,0.475
129_vicuna-13b-v1.2_eye_tracking2_clustered,0.525
130_alpaca-13b_eye_tracking2_clustered,0.5
130_gpt-3.5-turbo_eye_tracking1_clustered,0.5542168674698795
131_alpaca-13b_eye_tracking1_clustered,0.5476190476190477
131_gpt-3.5-turbo_eye_tracking2_clustered,0.3888888888888889
132_alpaca-13b_eye_tracking1_clustered,0.3384615384615385
132_gpt-3.5-turbo_eye_tracking2_clustered,0.5421686746987951
133_claude-v1_eye_tracking2_clustered,0.4576271186440678
133_gpt-4_eye_tracking1_clustered,0.4307692307692308
134_alpaca-13b_eye_tracking2_clustered,0.5147058823529411
134_gpt-3.5-turbo_eye_tracking1_clustered,0.5061728395061729
135_gpt-3.5-turbo_eye_tracking1_clustered,0.6
135_gpt-4_eye_tracking2_clustered,0.5128205128205128
136_gpt-3.5-turbo_eye_tracking2_clustered,0.5542168674698795
136_vicuna-13b-v1.2_eye_tracking1_clustered,0.4305555555555556
137_gpt-3.5-turbo_eye_tracking1_clustered,0.3
137_vicuna-13b-v1.2_eye_tracking2_clustered,0.125
138_claude-v1_eye_tracking2_clustered,0.2727272727272727
138_gpt-3.5-turbo_eye_tracking1_clustered,0.39759036144578314
139_claude-v1_eye_tracking1_clustered,0.2318840579710145
139_vicuna-13b-v1.2_eye_tracking2_clustered,0.5416666666666666
140_claude-v1_eye_tracking1_clustered,0.4421052631578947
140_gpt-3.5-turbo_eye_tracking2_clustered,0.35
141_gpt-3.5-turbo_eye_tracking2_clustered,0.32
141_llama-13b_eye_tracking1_clustered,0.3235294117647059
142_gpt-3.5-turbo_eye_tracking2_clustered,0.5
142_gpt-4_eye_tracking1_clustered,0.3076923076923077
143_claude-v1_eye_tracking2_clustered,0.5578947368421052
143_gpt-3.5-turbo_eye_tracking1_clustered,0.575
144_gpt-3.5-turbo_eye_tracking1_clustered,0.3956043956043956
144_vicuna-13b-v1.2_eye_tracking2_clustered,0.32857142857142857
145_claude-v1_eye_tracking2_clustered,0.6526315789473685
145_gpt-4_eye_tracking1_clustered,0.48717948717948717
146_claude-v1_eye_tracking1_clustered,0.3220338983050847
146_gpt-4_eye_tracking2_clustered,0.35384615384615387
147_alpaca-13b_eye_tracking1_clustered,0.4411764705882353
147_gpt-3.5-turbo_eye_tracking2_clustered,0.5802469135802469
148_gpt-3.5-turbo_eye_tracking2_clustered,0.4533333333333333
148_llama-13b_eye_tracking1_clustered,0.47058823529411764
149_alpaca-13b_eye_tracking2_clustered,0.32926829268292684
149_gpt-4_eye_tracking1_clustered,0.5384615384615384
150_gpt-3.5-turbo_eye_tracking1_clustered,0.5301204819277109
150_vicuna-13b-v1.2_eye_tracking2_clustered,0.4166666666666667
151_alpaca-13b_eye_tracking2_clustered,0.4411764705882353
151_gpt-3.5-turbo_eye_tracking1_clustered,0.4074074074074074
152_gpt-3.5-turbo_eye_tracking2_clustered,0.35
152_vicuna-13b-v1.2_eye_tracking1_clustered,0.175
153_gpt-4_eye_tracking1_clustered,0.3157894736842105
153_vicuna-13b-v1.2_eye_tracking2_clustered,0.3076923076923077
154_alpaca-13b_eye_tracking1_clustered,0.15384615384615385
154_gpt-3.5-turbo_eye_tracking2_clustered,0.3373493975903614
155_claude-v1_eye_tracking1_clustered,0.09090909090909091
155_gpt-3.5-turbo_eye_tracking2_clustered,0.4457831325301205
157_alpaca-13b_eye_tracking2_clustered,0.32926829268292684
157_vicuna-13b-v1.2_eye_tracking1_clustered,0.38823529411764707
158_alpaca-13b_eye_tracking2_clustered,0.4307692307692308
158_gpt-3.5-turbo_eye_tracking1_clustered,0.7108433734939759
159_alpaca-13b_eye_tracking1_clustered,0.2
159_gpt-3.5-turbo_eye_tracking2_clustered,0.30666666666666664
160_gpt-3.5-turbo_eye_tracking1_clustered,0.8433734939759037
160_gpt-4_eye_tracking2_clustered,0.5538461538461539
161_gpt-3.5-turbo_eye_tracking2_clustered,0.38461538461538464
161_vicuna-13b-v1.2_eye_tracking1_clustered,0.32786885245901637
162_gpt-3.5-turbo_eye_tracking2_clustered,0.425
162_gpt-4_eye_tracking1_clustered,0.38461538461538464
163_alpaca-13b_eye_tracking1_clustered,0.6923076923076923
163_vicuna-13b-v1.2_eye_tracking2_clustered,0.4583333333333333
164_alpaca-13b_eye_tracking2_clustered,0.45588235294117646
164_gpt-3.5-turbo_eye_tracking1_clustered,0.4567901234567901
165_gpt-4_eye_tracking1_clustered,0.6842105263157895
165_vicuna-13b-v1.2_eye_tracking2_clustered,0.7435897435897436
166_claude-v1_eye_tracking1_clustered,0.5578947368421052
166_gpt-4_eye_tracking2_clustered,0.5641025641025641
167_claude-v1_eye_tracking2_clustered,0.2608695652173913
167_gpt-3.5-turbo_eye_tracking1_clustered,0.42168674698795183
168_alpaca-13b_eye_tracking1_clustered,0.35384615384615387
168_vicuna-13b-v1.2_eye_tracking2_clustered,0.5555555555555556
169_alpaca-13b_eye_tracking2_clustered,0.35714285714285715
169_gpt-3.5-turbo_eye_tracking1_clustered,0.3472222222222222
170_claude-v1_eye_tracking2_clustered,0.5263157894736842
170_gpt-3.5-turbo_eye_tracking1_clustered,0.4
171_claude-v1_eye_tracking2_clustered,0.47368421052631576
171_gpt-3.5-turbo_eye_tracking1_clustered,0.625
172_claude-v1_eye_tracking2_clustered,0.37681159420289856
172_gpt-3.5-turbo_eye_tracking1_clustered,0.4457831325301205
173_claude-v1_eye_tracking1_clustered,0.2898550724637681
173_vicuna-13b-v1.2_eye_tracking2_clustered,0.3472222222222222
174_claude-v1_eye_tracking2_clustered,0.5333333333333333
174_llama-13b_eye_tracking1_clustered,0.38235294117647056
175_claude-v1_eye_tracking2_clustered,0.42028985507246375
175_gpt-3.5-turbo_eye_tracking1_clustered,0.4819277108433735
176_gpt-3.5-turbo_eye_tracking1_clustered,0.325
176_vicuna-13b-v1.2_eye_tracking2_clustered,0.4
177_gpt-3.5-turbo_eye_tracking2_clustered,0.4807692307692308
177_vicuna-13b-v1.2_eye_tracking1_clustered,0.36065573770491804
178_gpt-3.5-turbo_eye_tracking1_clustered,0.4578313253012048
178_gpt-4_eye_tracking2_clustered,0.47692307692307695
179_gpt-3.5-turbo_eye_tracking2_clustered,0.5180722891566265
179_gpt-4_eye_tracking1_clustered,0.5076923076923077
180_alpaca-13b_eye_tracking1_clustered,0.4461538461538462
180_gpt-3.5-turbo_eye_tracking2_clustered,0.42168674698795183
181_alpaca-13b_eye_tracking2_clustered,0.4117647058823529
181_gpt-3.5-turbo_eye_tracking1_clustered,0.43209876543209874
182_gpt-3.5-turbo_eye_tracking2_clustered,0.4
182_gpt-4_eye_tracking1_clustered,0.46153846153846156
183_gpt-3.5-turbo_eye_tracking2_clustered,0.5421686746987951
183_vicuna-13b-v1.2_eye_tracking1_clustered,0.4166666666666667
184_claude-v1_eye_tracking2_clustered,0.4909090909090909
184_gpt-3.5-turbo_eye_tracking1_clustered,0.5542168674698795
185_alpaca-13b_eye_tracking2_clustered,0.4411764705882353
185_gpt-3.5-turbo_eye_tracking1_clustered,0.49382716049382713
187_alpaca-13b_eye_tracking1_clustered,0.30303030303030304
187_llama-13b_eye_tracking2_clustered,0.5625
188_claude-v1_eye_tracking2_clustered,0.5263157894736842
188_gpt-3.5-turbo_eye_tracking1_clustered,0.55
189_alpaca-13b_eye_tracking1_clustered,0.5076923076923077
189_gpt-3.5-turbo_eye_tracking2_clustered,0.5180722891566265
190_alpaca-13b_eye_tracking2_clustered,0.5846153846153846
190_gpt-3.5-turbo_eye_tracking1_clustered,0.5180722891566265
191_alpaca-13b_eye_tracking2_clustered,0.6029411764705882
191_gpt-3.5-turbo_eye_tracking1_clustered,0.4567901234567901
192_claude-v1_eye_tracking1_clustered,0.3559322033898305
192_gpt-4_eye_tracking2_clustered,0.4461538461538462
193_gpt-3.5-turbo_eye_tracking1_clustered,0.3404255319148936
193_llama-13b_eye_tracking2_clustered,0.4411764705882353
194_alpaca-13b_eye_tracking1_clustered,0.4411764705882353
194_gpt-3.5-turbo_eye_tracking2_clustered,0.5555555555555556
195_claude-v1_eye_tracking1_clustered,0.5217391304347826
195_vicuna-13b-v1.2_eye_tracking2_clustered,0.5694444444444444
196_claude-v1_eye_tracking2_clustered,0.2909090909090909
196_gpt-4_eye_tracking1_clustered,0.2923076923076923
197_gpt-3.5-turbo_eye_tracking1_clustered,0.5
197_gpt-4_eye_tracking2_clustered,0.38461538461538464
198_alpaca-13b_eye_tracking2_clustered,0.3333333333333333
198_claude-v1_eye_tracking1_clustered,0.15254237288135594
199_alpaca-13b_eye_tracking1_clustered,0.4805194805194805
199_llama-13b_eye_tracking2_clustered,0.5392156862745098
200_claude-v1_eye_tracking1_clustered,0.2463768115942029
200_vicuna-13b-v1.2_eye_tracking2_clustered,0.3611111111111111
201_claude-v1_eye_tracking2_clustered,0.45263157894736844
201_vicuna-13b-v1.2_eye_tracking1_clustered,0.45
202_gpt-4_eye_tracking2_clustered,0.3684210526315789
202_vicuna-13b-v1.2_eye_tracking1_clustered,0.46153846153846156
203_alpaca-13b_eye_tracking1_clustered,0.35365853658536583
203_claude-v1_eye_tracking2_clustered,0.38181818181818183
204_claude-v1_eye_tracking2_clustered,0.45454545454545453
204_gpt-3.5-turbo_eye_tracking1_clustered,0.4819277108433735
205_claude-v1_eye_tracking1_clustered,0.391304347826087
205_vicuna-13b-v1.2_eye_tracking2_clustered,0.6111111111111112
206_alpaca-13b_eye_tracking2_clustered,0.5
206_gpt-3.5-turbo_eye_tracking1_clustered,0.24
207_alpaca-13b_eye_tracking2_clustered,0.47560975609756095
207_claude-v1_eye_tracking1_clustered,0.4727272727272727
208_alpaca-13b_eye_tracking1_clustered,0.4264705882352941
208_gpt-3.5-turbo_eye_tracking2_clustered,0.48148148148148145
209_claude-v1_eye_tracking1_clustered,0.23728813559322035
209_gpt-4_eye_tracking2_clustered,0.4153846153846154
210_claude-v1_eye_tracking1_clustered,0.49473684210526314
210_gpt-3.5-turbo_eye_tracking2_clustered,0.5
211_gpt-3.5-turbo_eye_tracking1_clustered,0.375
211_gpt-4_eye_tracking2_clustered,0.41025641025641024
212_gpt-3.5-turbo_eye_tracking2_clustered,0.4423076923076923
212_vicuna-13b-v1.2_eye_tracking1_clustered,0.39344262295081966
213_claude-v1_eye_tracking1_clustered,0.5157894736842106
213_gpt-3.5-turbo_eye_tracking2_clustered,0.625
214_alpaca-13b_eye_tracking1_clustered,0.45588235294117646
214_gpt-3.5-turbo_eye_tracking2_clustered,0.5679012345679012
215_alpaca-13b_eye_tracking1_clustered,0.45121951219512196
215_gpt-3.5-turbo_eye_tracking2_clustered,0.6746987951807228
216_claude-v1_eye_tracking1_clustered,0.5684210526315789
216_vicuna-13b-v1.2_eye_tracking2_clustered,0.6
217_claude-v1_eye_tracking1_clustered,0.6421052631578947
217_gpt-3.5-turbo_eye_tracking2_clustered,0.65
218_alpaca-13b_eye_tracking1_clustered,0.5365853658536586
218_gpt-3.5-turbo_eye_tracking2_clustered,0.7590361445783133
219_gpt-3.5-turbo_eye_tracking2_clustered,0.5961538461538461
219_vicuna-13b-v1.2_eye_tracking1_clustered,0.6229508196721312
220_claude-v1_eye_tracking2_clustered,0.6526315789473685
220_vicuna-13b-v1.2_eye_tracking1_clustered,0.725
222_alpaca-13b_eye_tracking1_clustered,0.6323529411764706
222_gpt-3.5-turbo_eye_tracking2_clustered,0.691358024691358
223_alpaca-13b_eye_tracking2_clustered,0.625
223_claude-v1_eye_tracking1_clustered,0.5466666666666666
224_alpaca-13b_eye_tracking2_clustered,0.6470588235294118
224_gpt-3.5-turbo_eye_tracking1_clustered,0.6296296296296297
225_claude-v1_eye_tracking1_clustered,0.4492753623188406
225_gpt-3.5-turbo_eye_tracking2_clustered,0.5421686746987951
226_claude-v1_eye_tracking1_clustered,0.2727272727272727
226_vicuna-13b-v1.2_eye_tracking2_clustered,0.3411764705882353
227_claude-v1_eye_tracking2_clustered,0.30666666666666664
227_gpt-3.5-turbo_eye_tracking1_clustered,0.28
228_alpaca-13b_eye_tracking2_clustered,0.2619047619047619
228_gpt-3.5-turbo_eye_tracking1_clustered,0.2638888888888889
229_gpt-3.5-turbo_eye_tracking1_clustered,0.3516483516483517
229_vicuna-13b-v1.2_eye_tracking2_clustered,0.35714285714285715
231_gpt-3.5-turbo_eye_tracking2_clustered,0.40425531914893614
231_llama-13b_eye_tracking1_clustered,0.17647058823529413
232_alpaca-13b_eye_tracking1_clustered,0.3902439024390244
232_claude-v1_eye_tracking2_clustered,0.3090909090909091
233_alpaca-13b_eye_tracking2_clustered,0.25757575757575757
233_llama-13b_eye_tracking1_clustered,0.5416666666666666
234_claude-v1_eye_tracking1_clustered,0.4631578947368421
234_vicuna-13b-v1.2_eye_tracking2_clustered,0.275
235_claude-v1_eye_tracking2_clustered,0.7473684210526316
235_gpt-3.5-turbo_eye_tracking1_clustered,0.35
236_alpaca-13b_eye_tracking2_clustered,0.35384615384615387
236_gpt-3.5-turbo_eye_tracking1_clustered,0.43373493975903615
237_claude-v1_eye_tracking1_clustered,0.6
237_gpt-3.5-turbo_eye_tracking2_clustered,0.5662650602409639
238_gpt-3.5-turbo_eye_tracking2_clustered,0.5060240963855421
238_vicuna-13b-v1.2_eye_tracking1_clustered,0.3611111111111111
239_alpaca-13b_eye_tracking1_clustered,0.5975609756097561
239_vicuna-13b-v1.2_eye_tracking2_clustered,0.6352941176470588
240_claude-v1_eye_tracking2_clustered,0.3090909090909091
240_vicuna-13b-v1.2_eye_tracking1_clustered,0.47058823529411764
244_alpaca-13b_eye_tracking1_clustered,0.25609756097560976
244_gpt-3.5-turbo_eye_tracking2_clustered,0.37349397590361444
245_claude-v1_eye_tracking2_clustered,0.4631578947368421
245_vicuna-13b-v1.2_eye_tracking1_clustered,0.325
246_alpaca-13b_eye_tracking1_clustered,0.6219512195121951
246_vicuna-13b-v1.2_eye_tracking2_clustered,0.5058823529411764
247_claude-v1_eye_tracking1_clustered,0.2463768115942029
247_vicuna-13b-v1.2_eye_tracking2_clustered,0.5
249_gpt-3.5-turbo_eye_tracking2_clustered,0.55
249_vicuna-13b-v1.2_eye_tracking1_clustered,0.425
250_alpaca-13b_eye_tracking2_clustered,0.475
250_gpt-3.5-turbo_eye_tracking1_clustered,0.3333333333333333
252_claude-v1_eye_tracking1_clustered,0.3090909090909091
252_gpt-3.5-turbo_eye_tracking2_clustered,0.5180722891566265
253_claude-v1_eye_tracking2_clustered,0.5789473684210527
253_vicuna-13b-v1.2_eye_tracking1_clustered,0.275
254_claude-v1_eye_tracking1_clustered,0.3188405797101449
254_gpt-3.5-turbo_eye_tracking2_clustered,0.46987951807228917
255_claude-v1_eye_tracking1_clustered,0.2542372881355932
255_gpt-4_eye_tracking2_clustered,0.26153846153846155
257_gpt-3.5-turbo_eye_tracking1_clustered,0.25
257_vicuna-13b-v1.2_eye_tracking2_clustered,0.35
259_alpaca-13b_eye_tracking1_clustered,0.3230769230769231
259_vicuna-13b-v1.2_eye_tracking2_clustered,0.3611111111111111
261_claude-v1_eye_tracking2_clustered,0.5333333333333333
261_gpt-3.5-turbo_eye_tracking1_clustered,0.26666666666666666
263_gpt-3.5-turbo_eye_tracking1_clustered,0.1346153846153846
263_vicuna-13b-v1.2_eye_tracking2_clustered,0.39344262295081966
264_alpaca-13b_eye_tracking2_clustered,0.6219512195121951
264_gpt-3.5-turbo_eye_tracking1_clustered,0.4819277108433735
265_alpaca-13b_eye_tracking2_clustered,0.325
265_gpt-3.5-turbo_eye_tracking1_clustered,0.25333333333333335
266_claude-v1_eye_tracking2_clustered,0.5423728813559322
266_gpt-3.5-turbo_eye_tracking1_clustered,0.2361111111111111
267_gpt-3.5-turbo_eye_tracking1_clustered,0.3
267_gpt-4_eye_tracking2_clustered,0.10256410256410256
268_alpaca-13b_eye_tracking2_clustered,0.30952380952380953
268_gpt-3.5-turbo_eye_tracking1_clustered,0.2638888888888889
269_alpaca-13b_eye_tracking2_clustered,0.6307692307692307
269_gpt-3.5-turbo_eye_tracking1_clustered,0.6144578313253012
270_claude-v1_eye_tracking1_clustered,0.38666666666666666
270_llama-13b_eye_tracking2_clustered,0.5588235294117647
271_alpaca-13b_eye_tracking1_clustered,0.5121951219512195
271_claude-v1_eye_tracking2_clustered,0.45454545454545453
272_alpaca-13b_eye_tracking2_clustered,0.6097560975609756
272_vicuna-13b-v1.2_eye_tracking1_clustered,0.4235294117647059
273_gpt-3.5-turbo_eye_tracking2_clustered,0.44
273_llama-13b_eye_tracking1_clustered,0.5882352941176471
274_claude-v1_eye_tracking2_clustered,0.56
274_llama-13b_eye_tracking1_clustered,0.5294117647058824
275_claude-v1_eye_tracking2_clustered,0.6736842105263158
275_vicuna-13b-v1.2_eye_tracking1_clustered,0.65
276_gpt-3.5-turbo_eye_tracking2_clustered,0.40963855421686746
276_vicuna-13b-v1.2_eye_tracking1_clustered,0.5277777777777778
277_gpt-3.5-turbo_eye_tracking1_clustered,0.5421686746987951
277_vicuna-13b-v1.2_eye_tracking2_clustered,0.5176470588235295
278_claude-v1_eye_tracking2_clustered,0.3333333333333333
278_gpt-3.5-turbo_eye_tracking1_clustered,0.6024096385542169
279_claude-v1_eye_tracking1_clustered,0.1694915254237288
279_gpt-3.5-turbo_eye_tracking2_clustered,0.4444444444444444
280_alpaca-13b_eye_tracking1_clustered,0.30612244897959184
280_llama-13b_eye_tracking2_clustered,0.574468085106383
281_gpt-3.5-turbo_eye_tracking1_clustered,0.5180722891566265
281_vicuna-13b-v1.2_eye_tracking2_clustered,0.5
282_gpt-3.5-turbo_eye_tracking2_clustered,0.5301204819277109
282_gpt-4_eye_tracking1_clustered,0.38461538461538464
283_claude-v1_eye_tracking1_clustered,0.4533333333333333
283_llama-13b_eye_tracking2_clustered,0.5882352941176471
284_gpt-3.5-turbo_eye_tracking2_clustered,0.5274725274725275
284_vicuna-13b-v1.2_eye_tracking1_clustered,0.37142857142857144
285_alpaca-13b_eye_tracking2_clustered,0.4852941176470588
285_gpt-3.5-turbo_eye_tracking1_clustered,0.5802469135802469
286_alpaca-13b_eye_tracking1_clustered,0.32926829268292684
286_gpt-4_eye_tracking2_clustered,0.23076923076923078
287_claude-v1_eye_tracking1_clustered,0.17391304347826086
287_vicuna-13b-v1.2_eye_tracking2_clustered,0.4861111111111111
288_alpaca-13b_eye_tracking1_clustered,0.23076923076923078
288_gpt-3.5-turbo_eye_tracking2_clustered,0.3493975903614458
289_alpaca-13b_eye_tracking1_clustered,0.36923076923076925
289_vicuna-13b-v1.2_eye_tracking2_clustered,0.5277777777777778
290_gpt-3.5-turbo_eye_tracking1_clustered,0.4819277108433735
290_vicuna-13b-v1.2_eye_tracking2_clustered,0.3888888888888889
291_claude-v1_eye_tracking2_clustered,0.21333333333333335
291_llama-13b_eye_tracking1_clustered,0.35294117647058826
292_claude-v1_eye_tracking2_clustered,0.4666666666666667
292_llama-13b_eye_tracking1_clustered,0.4411764705882353
293_alpaca-13b_eye_tracking2_clustered,0.35714285714285715
293_gpt-3.5-turbo_eye_tracking1_clustered,0.2916666666666667
294_gpt-3.5-turbo_eye_tracking1_clustered,0.3373493975903614
294_gpt-4_eye_tracking2_clustered,0.4153846153846154
295_gpt-3.5-turbo_eye_tracking1_clustered,0.225
295_vicuna-13b-v1.2_eye_tracking2_clustered,0.4
296_claude-v1_eye_tracking2_clustered,0.34545454545454546
296_vicuna-13b-v1.2_eye_tracking1_clustered,0.4470588235294118
297_alpaca-13b_eye_tracking2_clustered,0.3387096774193548
297_llama-13b_eye_tracking1_clustered,0.21818181818181817
298_gpt-3.5-turbo_eye_tracking1_clustered,0.6746987951807228
298_vicuna-13b-v1.2_eye_tracking2_clustered,0.4823529411764706
299_gpt-3.5-turbo_eye_tracking1_clustered,0.30666666666666664
299_llama-13b_eye_tracking2_clustered,0.4117647058823529
300_alpaca-13b_eye_tracking1_clustered,0.4146341463414634
300_claude-v1_eye_tracking2_clustered,0.4909090909090909
301_alpaca-13b_eye_tracking1_clustered,0.2926829268292683
301_vicuna-13b-v1.2_eye_tracking2_clustered,0.38823529411764707
302_alpaca-13b_eye_tracking1_clustered,0.2857142857142857
302_llama-13b_eye_tracking2_clustered,0.5425531914893617
303_claude-v1_eye_tracking2_clustered,0.23728813559322035
303_gpt-4_eye_tracking1_clustered,0.26153846153846155
304_claude-v1_eye_tracking1_clustered,0.38666666666666666
304_llama-13b_eye_tracking2_clustered,0.4411764705882353
305_claude-v1_eye_tracking1_clustered,0.34782608695652173
305_gpt-3.5-turbo_eye_tracking2_clustered,0.3614457831325301
306_alpaca-13b_eye_tracking1_clustered,0.524390243902439
306_gpt-3.5-turbo_eye_tracking2_clustered,0.6506024096385542
307_alpaca-13b_eye_tracking1_clustered,0.21212121212121213
307_llama-13b_eye_tracking2_clustered,0.5
308_gpt-4_eye_tracking2_clustered,0.42105263157894735
308_vicuna-13b-v1.2_eye_tracking1_clustered,0.38461538461538464
309_claude-v1_eye_tracking1_clustered,0.38181818181818183
309_gpt-3.5-turbo_eye_tracking2_clustered,0.5060240963855421
310_gpt-3.5-turbo_eye_tracking1_clustered,0.28
310_llama-13b_eye_tracking2_clustered,0.38235294117647056
311_gpt-3.5-turbo_eye_tracking1_clustered,0.5466666666666666
311_llama-13b_eye_tracking2_clustered,0.47058823529411764
312_gpt-3.5-turbo_eye_tracking1_clustered,0.325
312_gpt-4_eye_tracking2_clustered,0.3333333333333333
313_alpaca-13b_eye_tracking1_clustered,0.6219512195121951
313_gpt-4_eye_tracking2_clustered,0.7384615384615385
314_alpaca-13b_eye_tracking1_clustered,0.6585365853658537
314_vicuna-13b-v1.2_eye_tracking2_clustered,0.6588235294117647
315_alpaca-13b_eye_tracking1_clustered,0.375
315_gpt-3.5-turbo_eye_tracking2_clustered,0.6
316_alpaca-13b_eye_tracking1_clustered,0.22727272727272727
316_llama-13b_eye_tracking2_clustered,0.5208333333333334
317_claude-v1_eye_tracking1_clustered,0.17391304347826086
317_vicuna-13b-v1.2_eye_tracking2_clustered,0.3611111111111111
318_claude-v1_eye_tracking2_clustered,0.36231884057971014
318_gpt-3.5-turbo_eye_tracking1_clustered,0.43373493975903615
319_alpaca-13b_eye_tracking1_clustered,0.2682926829268293
319_vicuna-13b-v1.2_eye_tracking2_clustered,0.29411764705882354
320_claude-v1_eye_tracking2_clustered,0.11864406779661017
320_gpt-4_eye_tracking1_clustered,0.23076923076923078
321_alpaca-13b_eye_tracking1_clustered,0.6219512195121951
321_gpt-3.5-turbo_eye_tracking2_clustered,0.37349397590361444
323_gpt-3.5-turbo_eye_tracking1_clustered,0.32967032967032966
323_vicuna-13b-v1.2_eye_tracking2_clustered,0.22857142857142856
324_claude-v1_eye_tracking2_clustered,0.2318840579710145
324_gpt-3.5-turbo_eye_tracking1_clustered,0.40963855421686746
325_alpaca-13b_eye_tracking1_clustered,0.4268292682926829
325_vicuna-13b-v1.2_eye_tracking2_clustered,0.3176470588235294
326_gpt-3.5-turbo_eye_tracking1_clustered,0.40963855421686746
326_vicuna-13b-v1.2_eye_tracking2_clustered,0.4722222222222222
327_gpt-3.5-turbo_eye_tracking1_clustered,0.375
327_gpt-4_eye_tracking2_clustered,0.3076923076923077
328_alpaca-13b_eye_tracking1_clustered,0.3333333333333333
328_claude-v1_eye_tracking2_clustered,0.1864406779661017
329_claude-v1_eye_tracking2_clustered,0.4631578947368421
329_vicuna-13b-v1.2_eye_tracking1_clustered,0.4
330_alpaca-13b_eye_tracking1_clustered,0.36585365853658536
330_vicuna-13b-v1.2_eye_tracking2_clustered,0.4235294117647059
331_gpt-3.5-turbo_eye_tracking1_clustered,0.3614457831325301
331_vicuna-13b-v1.2_eye_tracking2_clustered,0.4861111111111111
332_claude-v1_eye_tracking1_clustered,0.4421052631578947
332_gpt-4_eye_tracking2_clustered,0.3076923076923077
333_alpaca-13b_eye_tracking2_clustered,0.4461538461538462
333_vicuna-13b-v1.2_eye_tracking1_clustered,0.3888888888888889
334_claude-v1_eye_tracking2_clustered,0.34782608695652173
334_gpt-3.5-turbo_eye_tracking1_clustered,0.4819277108433735
335_alpaca-13b_eye_tracking2_clustered,0.35365853658536583
335_vicuna-13b-v1.2_eye_tracking1_clustered,0.38823529411764707
336_alpaca-13b_eye_tracking1_clustered,0.21428571428571427
336_claude-v1_eye_tracking2_clustered,0.23728813559322035
337_claude-v1_eye_tracking2_clustered,0.4782608695652174
337_gpt-3.5-turbo_eye_tracking1_clustered,0.5783132530120482
338_alpaca-13b_eye_tracking2_clustered,0.30952380952380953
338_claude-v1_eye_tracking1_clustered,0.4576271186440678
339_claude-v1_eye_tracking2_clustered,0.6421052631578947
339_gpt-4_eye_tracking1_clustered,0.358974358974359
340_gpt-3.5-turbo_eye_tracking2_clustered,0.6024096385542169
340_vicuna-13b-v1.2_eye_tracking1_clustered,0.5277777777777778
341_alpaca-13b_eye_tracking2_clustered,0.2
341_vicuna-13b-v1.2_eye_tracking1_clustered,0.4027777777777778
342_claude-v1_eye_tracking2_clustered,0.391304347826087
342_gpt-3.5-turbo_eye_tracking1_clustered,0.5060240963855421
343_claude-v1_eye_tracking2_clustered,0.3559322033898305
343_gpt-3.5-turbo_eye_tracking1_clustered,0.375
344_claude-v1_eye_tracking1_clustered,0.4745762711864407
344_gpt-4_eye_tracking2_clustered,0.36923076923076925
345_alpaca-13b_eye_tracking2_clustered,0.2923076923076923
345_vicuna-13b-v1.2_eye_tracking1_clustered,0.4444444444444444
346_claude-v1_eye_tracking2_clustered,0.21818181818181817
346_vicuna-13b-v1.2_eye_tracking1_clustered,0.21176470588235294
349_gpt-3.5-turbo_eye_tracking1_clustered,0.17333333333333334
349_llama-13b_eye_tracking2_clustered,0.23529411764705882
350_alpaca-13b_eye_tracking1_clustered,0.375
350_claude-v1_eye_tracking2_clustered,0.30666666666666664
351_alpaca-13b_eye_tracking2_clustered,0.2619047619047619
351_gpt-3.5-turbo_eye_tracking1_clustered,0.3194444444444444
352_claude-v1_eye_tracking1_clustered,0.2463768115942029
352_gpt-3.5-turbo_eye_tracking2_clustered,0.3373493975903614
353_alpaca-13b_eye_tracking1_clustered,0.27419354838709675
353_llama-13b_eye_tracking2_clustered,0.23636363636363636
354_alpaca-13b_eye_tracking1_clustered,0.22727272727272727
354_llama-13b_eye_tracking2_clustered,0.53125
355_alpaca-13b_eye_tracking1_clustered,0.27692307692307694
355_gpt-3.5-turbo_eye_tracking2_clustered,0.39759036144578314
356_claude-v1_eye_tracking2_clustered,0.5473684210526316
356_gpt-3.5-turbo_eye_tracking1_clustered,0.375
357_gpt-3.5-turbo_eye_tracking2_clustered,0.38461538461538464
357_vicuna-13b-v1.2_eye_tracking1_clustered,0.36065573770491804
358_alpaca-13b_eye_tracking2_clustered,0.55
358_gpt-3.5-turbo_eye_tracking1_clustered,0.4666666666666667
359_claude-v1_eye_tracking1_clustered,0.631578947368421
359_gpt-3.5-turbo_eye_tracking2_clustered,0.55
360_claude-v1_eye_tracking1_clustered,0.6105263157894737
360_gpt-4_eye_tracking2_clustered,0.5128205128205128
361_gpt-3.5-turbo_eye_tracking1_clustered,0.15
361_vicuna-13b-v1.2_eye_tracking2_clustered,0.225
363_claude-v1_eye_tracking2_clustered,0.32
363_gpt-3.5-turbo_eye_tracking1_clustered,0.21333333333333335
364_claude-v1_eye_tracking2_clustered,0.4533333333333333
364_llama-13b_eye_tracking1_clustered,0.17647058823529413
366_gpt-3.5-turbo_eye_tracking2_clustered,0.35
366_gpt-4_eye_tracking1_clustered,0.3333333333333333
368_claude-v1_eye_tracking1_clustered,0.2909090909090909
368_gpt-3.5-turbo_eye_tracking2_clustered,0.5060240963855421
370_claude-v1_eye_tracking2_clustered,0.2753623188405797
370_gpt-3.5-turbo_eye_tracking1_clustered,0.4457831325301205
371_claude-v1_eye_tracking1_clustered,0.2727272727272727
371_vicuna-13b-v1.2_eye_tracking2_clustered,0.24705882352941178
372_claude-v1_eye_tracking2_clustered,0.4
372_gpt-3.5-turbo_eye_tracking1_clustered,0.5180722891566265
373_alpaca-13b_eye_tracking1_clustered,0.35365853658536583
373_claude-v1_eye_tracking2_clustered,0.34545454545454546
374_claude-v1_eye_tracking1_clustered,0.41818181818181815
374_gpt-4_eye_tracking2_clustered,0.26153846153846155
375_alpaca-13b_eye_tracking2_clustered,0.3048780487804878
375_vicuna-13b-v1.2_eye_tracking1_clustered,0.3764705882352941
376_gpt-3.5-turbo_eye_tracking2_clustered,0.3516483516483517
376_vicuna-13b-v1.2_eye_tracking1_clustered,0.21428571428571427
377_gpt-3.5-turbo_eye_tracking1_clustered,0.2978723404255319
377_llama-13b_eye_tracking2_clustered,0.17647058823529413
378_gpt-3.5-turbo_eye_tracking2_clustered,0.4
378_gpt-4_eye_tracking1_clustered,0.3333333333333333
379_alpaca-13b_eye_tracking1_clustered,0.3780487804878049
379_vicuna-13b-v1.2_eye_tracking2_clustered,0.32941176470588235
380_gpt-4_eye_tracking2_clustered,0.2631578947368421
380_vicuna-13b-v1.2_eye_tracking1_clustered,0.32051282051282054
381_alpaca-13b_eye_tracking1_clustered,0.5121951219512195
381_gpt-3.5-turbo_eye_tracking2_clustered,0.43373493975903615
382_alpaca-13b_eye_tracking1_clustered,0.524390243902439
382_gpt-3.5-turbo_eye_tracking2_clustered,0.4457831325301205
383_alpaca-13b_eye_tracking2_clustered,0.4307692307692308
383_gpt-3.5-turbo_eye_tracking1_clustered,0.3493975903614458
385_alpaca-13b_eye_tracking1_clustered,0.3333333333333333
385_llama-13b_eye_tracking2_clustered,0.5104166666666666
386_alpaca-13b_eye_tracking2_clustered,0.2857142857142857
386_gpt-3.5-turbo_eye_tracking1_clustered,0.2916666666666667
387_gpt-3.5-turbo_eye_tracking1_clustered,0.22666666666666666
387_llama-13b_eye_tracking2_clustered,0.35294117647058826
388_claude-v1_eye_tracking2_clustered,0.7263157894736842
388_gpt-4_eye_tracking1_clustered,0.2564102564102564
391_gpt-3.5-turbo_eye_tracking2_clustered,0.3132530120481928
391_vicuna-13b-v1.2_eye_tracking1_clustered,0.3411764705882353
394_claude-v1_eye_tracking2_clustered,0.16363636363636364
394_vicuna-13b-v1.2_eye_tracking1_clustered,0.4
395_alpaca-13b_eye_tracking2_clustered,0.3170731707317073
395_gpt-3.5-turbo_eye_tracking1_clustered,0.4457831325301205
396_claude-v1_eye_tracking2_clustered,0.45263157894736844
396_gpt-4_eye_tracking1_clustered,0.20512820512820512
397_claude-v1_eye_tracking2_clustered,0.14666666666666667
397_llama-13b_eye_tracking1_clustered,0.20588235294117646
399_claude-v1_eye_tracking2_clustered,0.32
399_llama-13b_eye_tracking1_clustered,0.4117647058823529
400_gpt-3.5-turbo_eye_tracking1_clustered,0.43373493975903615
400_gpt-4_eye_tracking2_clustered,0.2
401_gpt-4_eye_tracking1_clustered,0.15789473684210525
401_vicuna-13b-v1.2_eye_tracking2_clustered,0.358974358974359
402_alpaca-13b_eye_tracking2_clustered,0.3382352941176471
402_gpt-3.5-turbo_eye_tracking1_clustered,0.41975308641975306
403_claude-v1_eye_tracking2_clustered,0.4
403_gpt-3.5-turbo_eye_tracking1_clustered,0.43373493975903615
405_claude-v1_eye_tracking1_clustered,0.3368421052631579
405_vicuna-13b-v1.2_eye_tracking2_clustered,0.3
406_claude-v1_eye_tracking2_clustered,0.4
406_vicuna-13b-v1.2_eye_tracking1_clustered,0.325
407_claude-v1_eye_tracking2_clustered,0.2542372881355932
407_gpt-3.5-turbo_eye_tracking1_clustered,0.3055555555555556
408_claude-v1_eye_tracking2_clustered,0.288135593220339
408_gpt-3.5-turbo_eye_tracking1_clustered,0.3055555555555556
409_alpaca-13b_eye_tracking1_clustered,0.2619047619047619
409_gpt-3.5-turbo_eye_tracking2_clustered,0.3611111111111111
410_alpaca-13b_eye_tracking2_clustered,0.38095238095238093
410_claude-v1_eye_tracking1_clustered,0.3559322033898305
411_alpaca-13b_eye_tracking1_clustered,0.27692307692307694
411_vicuna-13b-v1.2_eye_tracking2_clustered,0.3055555555555556
413_claude-v1_eye_tracking1_clustered,0.3389830508474576
413_gpt-4_eye_tracking2_clustered,0.23076923076923078
414_claude-v1_eye_tracking2_clustered,0.29333333333333333
414_gpt-3.5-turbo_eye_tracking1_clustered,0.18666666666666668
415_gpt-3.5-turbo_eye_tracking2_clustered,0.3191489361702128
415_llama-13b_eye_tracking1_clustered,0.14705882352941177
416_gpt-3.5-turbo_eye_tracking1_clustered,0.3829787234042553
416_llama-13b_eye_tracking2_clustered,0.29411764705882354
417_alpaca-13b_eye_tracking1_clustered,0.275
417_claude-v1_eye_tracking2_clustered,0.3466666666666667
418_gpt-3.5-turbo_eye_tracking1_clustered,0.3614457831325301
418_vicuna-13b-v1.2_eye_tracking2_clustered,0.3611111111111111
419_claude-v1_eye_tracking1_clustered,0.18840579710144928
419_gpt-3.5-turbo_eye_tracking2_clustered,0.42168674698795183
420_gpt-3.5-turbo_eye_tracking2_clustered,0.4457831325301205
420_vicuna-13b-v1.2_eye_tracking1_clustered,0.3194444444444444
421_claude-v1_eye_tracking1_clustered,0.29333333333333333
421_llama-13b_eye_tracking2_clustered,0.3235294117647059
425_alpaca-13b_eye_tracking1_clustered,0.4268292682926829
425_vicuna-13b-v1.2_eye_tracking2_clustered,0.2823529411764706
426_gpt-4_eye_tracking1_clustered,0.05263157894736842
426_vicuna-13b-v1.2_eye_tracking2_clustered,0.44871794871794873
427_gpt-3.5-turbo_eye_tracking1_clustered,0.3493975903614458
427_vicuna-13b-v1.2_eye_tracking2_clustered,0.3888888888888889
428_alpaca-13b_eye_tracking1_clustered,0.3382352941176471
428_gpt-3.5-turbo_eye_tracking2_clustered,0.4691358024691358
429_claude-v1_eye_tracking1_clustered,0.4909090909090909
429_gpt-3.5-turbo_eye_tracking2_clustered,0.3855421686746988
430_claude-v1_eye_tracking1_clustered,0.42105263157894735
430_vicuna-13b-v1.2_eye_tracking2_clustered,0.375
434_gpt-3.5-turbo_eye_tracking2_clustered,0.4
434_gpt-4_eye_tracking1_clustered,0.4358974358974359
451_gpt-3.5-turbo_eye_tracking2_clustered,0.4819277108433735
451_vicuna-13b-v1.2_eye_tracking1_clustered,0.3611111111111111
452_gpt-3.5-turbo_eye_tracking1_clustered,0.5
452_vicuna-13b-v1.2_eye_tracking2_clustered,0.525
453_alpaca-13b_eye_tracking2_clustered,0.5
453_gpt-4_eye_tracking1_clustered,0.4153846153846154
454_claude-v1_eye_tracking1_clustered,0.509090909090909
454_gpt-3.5-turbo_eye_tracking2_clustered,0.5662650602409639
455_claude-v1_eye_tracking2_clustered,0.4909090909090909
455_gpt-3.5-turbo_eye_tracking1_clustered,0.5783132530120482
456_claude-v1_eye_tracking1_clustered,0.4727272727272727
456_gpt-4_eye_tracking2_clustered,0.6
457_claude-v1_eye_tracking1_clustered,0.43478260869565216
457_gpt-3.5-turbo_eye_tracking2_clustered,0.5783132530120482
458_alpaca-13b_eye_tracking1_clustered,0.4523809523809524
458_claude-v1_eye_tracking2_clustered,0.4915254237288136
459_claude-v1_eye_tracking1_clustered,0.3898305084745763
459_gpt-4_eye_tracking2_clustered,0.49230769230769234
460_gpt-3.5-turbo_eye_tracking1_clustered,0.5060240963855421
460_vicuna-13b-v1.2_eye_tracking2_clustered,0.4444444444444444
461_alpaca-13b_eye_tracking1_clustered,0.6585365853658537
461_claude-v1_eye_tracking2_clustered,0.4909090909090909
462_gpt-3.5-turbo_eye_tracking2_clustered,0.6043956043956044
462_vicuna-13b-v1.2_eye_tracking1_clustered,0.44285714285714284
463_alpaca-13b_eye_tracking1_clustered,0.5882352941176471
463_gpt-3.5-turbo_eye_tracking2_clustered,0.5802469135802469
464_alpaca-13b_eye_tracking1_clustered,0.3709677419354839
464_llama-13b_eye_tracking2_clustered,0.5272727272727272
465_gpt-3.5-turbo_eye_tracking2_clustered,0.5106382978723404
465_llama-13b_eye_tracking1_clustered,0.5882352941176471
466_claude-v1_eye_tracking1_clustered,0.23636363636363636
466_gpt-3.5-turbo_eye_tracking2_clustered,0.5060240963855421
467_gpt-3.5-turbo_eye_tracking1_clustered,0.12
467_llama-13b_eye_tracking2_clustered,0.14705882352941177
468_gpt-3.5-turbo_eye_tracking2_clustered,0.42168674698795183
468_vicuna-13b-v1.2_eye_tracking1_clustered,0.375
469_alpaca-13b_eye_tracking1_clustered,0.275
469_gpt-3.5-turbo_eye_tracking2_clustered,0.36
470_claude-v1_eye_tracking1_clustered,0.2463768115942029
470_gpt-3.5-turbo_eye_tracking2_clustered,0.4939759036144578
471_claude-v1_eye_tracking2_clustered,0.631578947368421
471_vicuna-13b-v1.2_eye_tracking1_clustered,0.125
472_claude-v1_eye_tracking1_clustered,0.21818181818181817
472_gpt-3.5-turbo_eye_tracking2_clustered,0.5783132530120482
473_alpaca-13b_eye_tracking2_clustered,0.23170731707317074
473_claude-v1_eye_tracking1_clustered,0.5636363636363636
474_alpaca-13b_eye_tracking1_clustered,0.6097560975609756
474_claude-v1_eye_tracking2_clustered,0.45454545454545453
475_alpaca-13b_eye_tracking1_clustered,0.6829268292682927
475_claude-v1_eye_tracking2_clustered,0.6727272727272727
476_gpt-3.5-turbo_eye_tracking2_clustered,0.3
476_gpt-4_eye_tracking1_clustered,0.5384615384615384
477_gpt-3.5-turbo_eye_tracking2_clustered,0.5319148936170213
477_llama-13b_eye_tracking1_clustered,0.3235294117647059
478_claude-v1_eye_tracking1_clustered,0.5507246376811594
478_gpt-3.5-turbo_eye_tracking2_clustered,0.7349397590361446
479_gpt-4_eye_tracking1_clustered,0.42105263157894735
479_vicuna-13b-v1.2_eye_tracking2_clustered,0.6282051282051282
480_alpaca-13b_eye_tracking2_clustered,0.35294117647058826
480_gpt-3.5-turbo_eye_tracking1_clustered,0.5185185185185185
481_alpaca-13b_eye_tracking2_clustered,0.22727272727272727
481_llama-13b_eye_tracking1_clustered,0.53125
482_alpaca-13b_eye_tracking2_clustered,0.24390243902439024
482_vicuna-13b-v1.2_eye_tracking1_clustered,0.24705882352941178
483_alpaca-13b_eye_tracking2_clustered,0.35384615384615387
483_vicuna-13b-v1.2_eye_tracking1_clustered,0.4722222222222222
484_claude-v1_eye_tracking1_clustered,0.38181818181818183
484_gpt-4_eye_tracking2_clustered,0.5076923076923077
485_alpaca-13b_eye_tracking2_clustered,0.3181818181818182
485_llama-13b_eye_tracking1_clustered,0.5416666666666666
486_gpt-3.5-turbo_eye_tracking1_clustered,0.2765957446808511
486_llama-13b_eye_tracking2_clustered,0.47058823529411764
487_claude-v1_eye_tracking2_clustered,0.41333333333333333
487_llama-13b_eye_tracking1_clustered,0.4117647058823529
488_claude-v1_eye_tracking1_clustered,0.45454545454545453
488_gpt-3.5-turbo_eye_tracking2_clustered,0.5301204819277109
489_gpt-3.5-turbo_eye_tracking1_clustered,0.4939759036144578
489_vicuna-13b-v1.2_eye_tracking2_clustered,0.375
490_claude-v1_eye_tracking1_clustered,0.3333333333333333
490_gpt-3.5-turbo_eye_tracking2_clustered,0.39759036144578314
491_alpaca-13b_eye_tracking2_clustered,0.4634146341463415
491_claude-v1_eye_tracking1_clustered,0.4727272727272727
492_gpt-3.5-turbo_eye_tracking1_clustered,0.5274725274725275
492_vicuna-13b-v1.2_eye_tracking2_clustered,0.3142857142857143
493_claude-v1_eye_tracking1_clustered,0.42105263157894735
493_vicuna-13b-v1.2_eye_tracking2_clustered,0.375
494_claude-v1_eye_tracking2_clustered,0.37681159420289856
494_gpt-3.5-turbo_eye_tracking1_clustered,0.4457831325301205
495_alpaca-13b_eye_tracking2_clustered,0.39705882352941174
495_gpt-3.5-turbo_eye_tracking1_clustered,0.5185185185185185
497_claude-v1_eye_tracking1_clustered,0.1864406779661017
497_gpt-4_eye_tracking2_clustered,0.15384615384615385
498_claude-v1_eye_tracking1_clustered,0.44
498_llama-13b_eye_tracking2_clustered,0.14705882352941177
499_alpaca-13b_eye_tracking1_clustered,0.15384615384615385
499_vicuna-13b-v1.2_eye_tracking2_clustered,0.3194444444444444
500_gpt-3.5-turbo_eye_tracking1_clustered,0.2
500_llama-13b_eye_tracking2_clustered,0.20588235294117646
501_alpaca-13b_eye_tracking1_clustered,0.14285714285714285
501_llama-13b_eye_tracking2_clustered,0.2978723404255319
502_alpaca-13b_eye_tracking2_clustered,0.34146341463414637
502_gpt-4_eye_tracking1_clustered,0.27692307692307694
504_alpaca-13b_eye_tracking2_clustered,0.2647058823529412
504_gpt-3.5-turbo_eye_tracking1_clustered,0.4074074074074074
505_claude-v1_eye_tracking1_clustered,0.3684210526315789
505_gpt-3.5-turbo_eye_tracking2_clustered,0.175
506_claude-v1_eye_tracking2_clustered,0.3466666666666667
506_gpt-3.5-turbo_eye_tracking1_clustered,0.26666666666666666
507_gpt-3.5-turbo_eye_tracking1_clustered,0.25
507_gpt-4_eye_tracking2_clustered,0.1794871794871795
508_alpaca-13b_eye_tracking2_clustered,0.2619047619047619
508_gpt-3.5-turbo_eye_tracking1_clustered,0.16666666666666666
509_alpaca-13b_eye_tracking1_clustered,0.4411764705882353
509_gpt-3.5-turbo_eye_tracking2_clustered,0.5432098765432098
510_alpaca-13b_eye_tracking2_clustered,0.2
510_gpt-3.5-turbo_eye_tracking1_clustered,0.4578313253012048
511_claude-v1_eye_tracking1_clustered,0.4421052631578947
511_gpt-4_eye_tracking2_clustered,0.358974358974359
512_alpaca-13b_eye_tracking2_clustered,0.5487804878048781
512_claude-v1_eye_tracking1_clustered,0.36363636363636365
513_claude-v1_eye_tracking1_clustered,0.37681159420289856
513_vicuna-13b-v1.2_eye_tracking2_clustered,0.375
514_gpt-3.5-turbo_eye_tracking2_clustered,0.5576923076923077
514_vicuna-13b-v1.2_eye_tracking1_clustered,0.5081967213114754
515_alpaca-13b_eye_tracking2_clustered,0.5
515_claude-v1_eye_tracking1_clustered,0.49333333333333335
516_gpt-3.5-turbo_eye_tracking1_clustered,0.6144578313253012
516_gpt-4_eye_tracking2_clustered,0.46153846153846156
517_alpaca-13b_eye_tracking2_clustered,0.6363636363636364
517_llama-13b_eye_tracking1_clustered,0.5980392156862745
523_gpt-3.5-turbo_eye_tracking2_clustered,0.45
523_gpt-4_eye_tracking1_clustered,0.38461538461538464
526_gpt-4_eye_tracking2_clustered,0.3157894736842105
526_vicuna-13b-v1.2_eye_tracking1_clustered,0.358974358974359
527_alpaca-13b_eye_tracking2_clustered,0.23076923076923078
527_vicuna-13b-v1.2_eye_tracking1_clustered,0.5138888888888888
528_gpt-3.5-turbo_eye_tracking2_clustered,0.46987951807228917
528_vicuna-13b-v1.2_eye_tracking1_clustered,0.5555555555555556
529_claude-v1_eye_tracking2_clustered,0.4
529_vicuna-13b-v1.2_eye_tracking1_clustered,0.4470588235294118
530_claude-v1_eye_tracking2_clustered,0.43157894736842106
530_gpt-4_eye_tracking1_clustered,0.4358974358974359
531_alpaca-13b_eye_tracking1_clustered,0.4634146341463415
531_gpt-3.5-turbo_eye_tracking2_clustered,0.6024096385542169
532_claude-v1_eye_tracking1_clustered,0.3188405797101449
532_vicuna-13b-v1.2_eye_tracking2_clustered,0.4861111111111111
533_alpaca-13b_eye_tracking1_clustered,0.3902439024390244
533_claude-v1_eye_tracking2_clustered,0.4727272727272727
534_gpt-3.5-turbo_eye_tracking1_clustered,0.42857142857142855
534_vicuna-13b-v1.2_eye_tracking2_clustered,0.3142857142857143
536_gpt-3.5-turbo_eye_tracking1_clustered,0.45
536_vicuna-13b-v1.2_eye_tracking2_clustered,0.25
537_alpaca-13b_eye_tracking1_clustered,0.45121951219512196
537_vicuna-13b-v1.2_eye_tracking2_clustered,0.4117647058823529
538_alpaca-13b_eye_tracking1_clustered,0.3076923076923077
538_gpt-3.5-turbo_eye_tracking2_clustered,0.42168674698795183
539_claude-v1_eye_tracking1_clustered,0.2608695652173913
539_vicuna-13b-v1.2_eye_tracking2_clustered,0.4583333333333333
540_alpaca-13b_eye_tracking2_clustered,0.36585365853658536
540_claude-v1_eye_tracking1_clustered,0.34545454545454546
541_claude-v1_eye_tracking2_clustered,0.3220338983050847
541_gpt-3.5-turbo_eye_tracking1_clustered,0.4583333333333333
542_alpaca-13b_eye_tracking2_clustered,0.4
542_vicuna-13b-v1.2_eye_tracking1_clustered,0.5
543_gpt-3.5-turbo_eye_tracking1_clustered,0.4725274725274725
543_vicuna-13b-v1.2_eye_tracking2_clustered,0.45714285714285713
544_alpaca-13b_eye_tracking1_clustered,0.5147058823529411
544_gpt-3.5-turbo_eye_tracking2_clustered,0.5679012345679012
545_gpt-3.5-turbo_eye_tracking2_clustered,0.5542168674698795
545_vicuna-13b-v1.2_eye_tracking1_clustered,0.4305555555555556
546_gpt-3.5-turbo_eye_tracking1_clustered,0.5301204819277109
546_vicuna-13b-v1.2_eye_tracking2_clustered,0.4823529411764706
547_alpaca-13b_eye_tracking2_clustered,0.6029411764705882
547_gpt-3.5-turbo_eye_tracking1_clustered,0.5555555555555556
548_gpt-3.5-turbo_eye_tracking2_clustered,0.5662650602409639
548_gpt-4_eye_tracking1_clustered,0.6307692307692307
549_gpt-3.5-turbo_eye_tracking1_clustered,0.4
549_vicuna-13b-v1.2_eye_tracking2_clustered,0.525
550_gpt-3.5-turbo_eye_tracking1_clustered,0.5164835164835165
550_vicuna-13b-v1.2_eye_tracking2_clustered,0.5571428571428572
551_claude-v1_eye_tracking2_clustered,0.4266666666666667
551_llama-13b_eye_tracking1_clustered,0.4117647058823529
552_claude-v1_eye_tracking2_clustered,0.4909090909090909
552_gpt-3.5-turbo_eye_tracking1_clustered,0.5903614457831325
553_alpaca-13b_eye_tracking1_clustered,0.5306122448979592
553_llama-13b_eye_tracking2_clustered,0.5425531914893617
554_alpaca-13b_eye_tracking2_clustered,0.4634146341463415
554_vicuna-13b-v1.2_eye_tracking1_clustered,0.5411764705882353
555_alpaca-13b_eye_tracking1_clustered,0.5853658536585366
555_gpt-4_eye_tracking2_clustered,0.6
556_gpt-3.5-turbo_eye_tracking2_clustered,0.30120481927710846
556_gpt-4_eye_tracking1_clustered,0.2
557_gpt-3.5-turbo_eye_tracking2_clustered,0.25
557_gpt-4_eye_tracking1_clustered,0.28205128205128205
558_alpaca-13b_eye_tracking1_clustered,0.19047619047619047
558_gpt-3.5-turbo_eye_tracking2_clustered,0.2222222222222222
559_alpaca-13b_eye_tracking2_clustered,0.38095238095238093
559_gpt-3.5-turbo_eye_tracking1_clustered,0.4166666666666667
560_alpaca-13b_eye_tracking1_clustered,0.375
560_gpt-3.5-turbo_eye_tracking2_clustered,0.21333333333333335
561_alpaca-13b_eye_tracking1_clustered,0.12244897959183673
561_llama-13b_eye_tracking2_clustered,0.30851063829787234
564_claude-v1_eye_tracking1_clustered,0.32727272727272727
564_gpt-3.5-turbo_eye_tracking2_clustered,0.27710843373493976
566_claude-v1_eye_tracking2_clustered,0.2711864406779661
566_gpt-3.5-turbo_eye_tracking1_clustered,0.3888888888888889
567_claude-v1_eye_tracking2_clustered,0.4266666666666667
567_gpt-3.5-turbo_eye_tracking1_clustered,0.37333333333333335
568_claude-v1_eye_tracking1_clustered,0.45454545454545453
568_gpt-4_eye_tracking2_clustered,0.6461538461538462
569_alpaca-13b_eye_tracking1_clustered,0.3333333333333333
569_gpt-3.5-turbo_eye_tracking2_clustered,0.6666666666666666
570_alpaca-13b_eye_tracking1_clustered,0.6585365853658537
570_gpt-4_eye_tracking2_clustered,0.5538461538461539
